Videos,Date,Celebrity,eye:winged,eye:effect,eye:smokey,eye:glitter,liner:just_eyeliner,liner:graphic liner,liner:winged,liner:lower_accent color,lip:effect,skin:darker,skin:paler,skin:effect,occasion:day,occasion:day_event,occasion:work,occasion:work_creative,occasion:work_party,occasion:evening,occasion:evening_party,occasion:evening_blacktie,occasion:masquerade,occasion:bridal,occasion:first_date,lip:bold,style:classic_graphic,style:classic_outline,style:glam_classic,style:glam_outline,style:urban_glam,style:edgy,style:trendy,style:boho,style:casual_chic,style:retro,eye_color:white,eye_color:pink,eye_color:peach,eye_color:red,eye_color:orange,eye_color:coral,eye_color:yellow,eye_color:green,eye_color:turquoise,eye_color:lightblue,eye_color:blue,eye_color:plum,eye_color:purple,eye_color:silver,eye_color:gold,eye_color:nude,eye_color:copperbronze,eye_color:brown,eye_color:taupe,eye_color:grey,eye_color:black,lip_color:brownbronze,lip_color:nude,lip_color:red,lip_color:berryplum,lip_color:softpink,lip_color:brightpink,lip_color:other,eyes:enhance,eyes:use,eyes:create,lips:use,lips:create,face:create,face:use,face:fix,face:use,skin:fix,skin:care,nails:create,hair:care,hair:create,looks,tools:product,tools:care,tools:use
tSP3Yqqk1Vg,12-Feb-11,Adele,,,,,,,x,,,,,,,,,,,,,x,,,,,x,,,,,,,,,,,,,,,,,,,,,,,,,,x,,,,,,x,,,,,,,,,,,,,,,,,,,,,,,
3neYfvPKkXE,22-Aug-10,Alice Cullen,,,,,,,,,,,x,,,,,,,,,,x,,,,,,,,,,,,,,X,,,,,,,,,,,,,,,,,X,,,,,,,,X,,,,,,,,,,,,,,,,,,,,
J4K4BdUOcKo,4-Jan-11,Angelina Jolie,,,,,,,,,,,,,,,,,,,x,x,,,,,,,x,,,,,,,,,,,,,,,,,x,,,x,,,,,,,,,,,,x,,,,,,,,,,,,,,,,,,,,,
uUJaqWWMn6E,23-Nov-10,Audrey Hepburn,,,,,x,,x,,,,,,,x,,,,,,x,,,,,x,,,,,,,,,x,,,,,,,,,,,,,,,,x,,,,,,,X,,,X,,,,,,,,,,,,,,,,,,,,
2FV7F0ApiB4,9-Oct-10,Beyonce,,,,,,x,,,,,,,,,,,,,x,,,,,x,,x,,,,,,,,x,,,,,,,,,,,,,,,,,,,X,,X,,,,X,,,,,,,,,,,,,,,,,,,,,
sHzRCkgXO-A,25-Feb-11,Beyonce,,,,,,,x,,,,,,,,,,,,x,,,,,,x,,,,,,,,,,,,,,,,,,,,,,,,,,,x,,,,,x,,,,,,,,,,,,,,,,,,,,,,,
KtSdfq9VE2s,22-Feb-10,Blake Lively,,,x,,,,,,,,,,,,,,,,x,x,,,,,,,x,,,,,x,,,,,,,,,,,,,,,,x,,,x,,,,,,,,,x,,,,,,,,,,,,,,,,,,,,
_g_St-e2cp8,23-Jan-11,Britney Spears,,,,,,,,x,,,,,,,,,,,,x,,,,,,,x,,,,,,,,,,,,,,,,,,,,x,,,,x,,,,,,,,x,,,,,,,,,,,,,,,,,,,,,
d1xkqinZO5U,4-Sep-10,Charlize Theron,,,,,,,,,,,,,,,,,,,x,,,,,,,,,,,x,,,,,,,,,,,,X,,,,,,,,,,,,X,X,,,,,X,,,,,,,,,,,,,,,,,,,,
g13rC60hqMA,21-Oct-10,Cher Lloyd,,,,,,,x,,,,,,,,,,,,x,,,,,,,x,,,,,,,,,,,,,,,,,x,,,,,,,,,,,,,,,,x,,,,,,,,,,,,,,,,,,,,,
ZD9OkdlqJ5Y,15-Nov-10,Cher Lloyd Stay,x,,,x,,,,,,,,,,,,,,,x,,,,,,,,,,x,,,,,,,,,,,,,,,,,,,,,,,,,x,,,,,,,,,,,,,,,,,,,,,,,,,,
JFR-hzsshZQ,15-Oct-10,Cheryl Cole,x,,,,,,,,,,,,,,,,,,x,,,,,,,,,,x,,,,,,,,,,,,,,,,,,,,,,,,,x,,,,,x,,,,,,,,,,,,,,,,,,,,,
ykr_sIVPVHg,30-Jan-11,Cheryl Cole,,x,x,,,,,,,,,,,,,,,,x,,,,,,,,,,x,,,,,,,,,,,,,,,,,,,,,,,,,,x,,x,,,x,,,,,,,,,,,,,,,,,,,,
YSMMJbXjJcE,27-Apr-11,Cheryl Cole,,x,,,,,,,,,,,,,,,,x,,,,,,,,,x,,,,,,,,,,,,,,,,,,,,,,,,,x,x,,,,,,,x,,,,,,,,,,,,,,,,,,,,
fzEbNG8MxS0,11-Jun-10,Christina Aguilera,,,,,x,,,,x,,,,,,,,,,x,,,,,x,,,,,,x,,,,x,X,,,,,,,,,,,,,,,,,,,X,,,,X,,,,,,,,,,,,,,,,,,,,,,
MCEUb1CJE5U,19-Sep-10,Christina Aguilera,,,,,,,x,,,,,,,,,,,,x,,,,,,,,,,,x,,,,,,,,,,x,,,,,,,,,,,,,,,,,x,,,,,,,,,,,,,,,,,,,,,,,
v77k7oNwI_M,21-Jan-11,Crystal Renn,,,x,,,,,,,,,,,,,,,x,,,,,,x,,,,x,,,,,,,,,,,,,,,,,,,,,,x,,x,,,,,x,x,,,,,,,,,,,,,,,,,,,,,,
si2b3hxYmGw,20-Mar-11,Diana Agron,x,,,,,,,,,,,,,,,,,,,,,,,,,,,,x,,,,,,,,,,,,,,,,,,,x,,,,,,,,,,,,x,,,,,,,,,,,,,,,,,,,,
oPt8orN449g,21-Dec-09,Dita Von Teese,,,,,,,,,,,,,,x,,,,,,x,,,,x,,,x,,,,,,,,,,,,,,,,,,,,,x,,,,x,,,,,,x,,,,,,,,,,,,,,,,,,,,,,
E0NKpeZSJm4,21-Sep-10,Drew Barrymore,,,,,,,,,,,,,,x,,,,,,x,,,,x,,x,,,,,,,,,,,,,,,,,,,,,,,,,,,X,,,,,X,,,,,,,,,,,,,,,,,,,,,,
_0DfhtBnF7o,24-Mar-11,Elizabeth Taylor,,,,,x,,x,,,,,,,,,,,,,x,,,,x,,x,,,,,,,,x,,,,,,,,,,,,,,,,x,,,,,,,,,,,,,,,,,,,,,,,,,,,,,,
KZSfh2Ka_kc,28-Mar-11,Elizabeth Taylor,,,,,,,x,,,,,,,x,,,,,,x,,,,,,x,,,,,,,,,,,,,,,,,,,,x,,,,,,,,,,,,,,x,,,,,,,,,,,,,,,,,,,,
n33D637_hLs,12-Nov-10,Emilie Autumn,,,,,,,x,,,,,x,,,,,,,x,,,,,x,,,,,x,,,,,,,,,,,,,,,,x,,,,,,,,,,,,x,,,,,,,,,,,,,,,,,,,,,,,
t0jDqIX0YeU,27-Jan-11,Emma Watson,,,,,,,,,,,,,x,,x,,,,,,,,,,,,,,,,,,x,,,,,,,,,,,,,,,,,,,,,,,,x,,,,,,,,,,,,,,,,,,,,,,,
FGGYEibf2KI,8-Aug-10,Eva Mendes,,,,,,,,,,,,,,x,,,,,,x,,,,,,x,,,,,,,,,,,,,,,,,,,,,,,,,,X,X,,,,,,,X,,,,,,,,,,,,,,,,,,,,
QM1rfGA0FVk,15-Apr-11,Haifa Wehbe,x,,,,,,x,,,,,,,,,,,,x,,,,,,,,,x,,,,,,,,,,,,,,,,,,,,,,,,,,,x,,x,,,,,,,,,,,,,,,,,,,,,,,
RgOyvJE3XOg,19-Sep-10,Hayley Williams,,,,,,,,,,,,,,,,,,,,,,,,,,,,,,,,,,,,,,x,,,,,,,,,,,,,,,,,,,x,,,,,,,,,,,,,,,,,,,,,,,
QmvJBvPz4Uk,30-Nov-10,Hayley Williams,,,,,,,,,,,,,,,,,,,x,,,,,,,,,,,x,,,,,,,,,,,,,x,,,,,,,,,,,,,,,,x,,,,,,,,,,,,,,,,,,,,,
X92KSVs8CEg,22-Mar-11,J.Lo,,,x,x,,,x,,,,,,,,,,,,x,,,,,,,,x,,,,,,,,,,,,,,,,,,,,,x,,,,,,,,,,,,x,,,,,,,,,,,,,,,,,,,,
LlIzRQGghKk,10-Feb-11,January Jones,,,,,,,x,,,,,,,x,,,,,,x,,,,x,x,,,,,,,,,x,,,,,,,,,,,,,,,,x,,,,,,,,x,,,,,,,,,,,,,,,,,,,,,,
k63Hhf4zJpM,11-Apr-11,Jennifer Lopez,x,,x,,,,,,,,,,,,,,,x,,,,,,,,,x,,,,,,,,,,,,,,,,,,,,,,,,x,,x,,,,x,,,,,,,,,,,,,,,,,,,,,,,
q6pGedpPjSQ,9-Apr-11,Jessica Stroup,,,,,,,x,,,,,,,x,,,x,,,x,,,,,x,,,,,,,,,,,,x,,,,,,,,,,,,,,,,,,,,x,,x,,,,,,,,,,,,,,,,,,,,,
2ga4_0OcrBE,19-Feb-11,Jessie J,,,,,,,,,x,,,,,,,,,x,,,,,,,,,,,x,,,,,,,,,,,,,,,,,,,x,,,,,,,x,,,,,,,x,,,,,,,,,,,,,,,,,,
FAM8GE2n1wU,17-Jan-11,Jessie J,,,,x,,,,,x,,,,,,,,,,x,,,,,,,,,,x,,,,,,,,,,,,,,,,,,,,,,,,,,x,,,,,,,x,,,,,,,,,,,,,,,,,,
yMSeLCQGfRo,26-Jan-11,Jessie J,,,,,,,,,,,,,,,,,,x,,,,,,x,,,,,x,,,,,,,,,,,,,,,,,,,,,,,,,,,,x,,,,,,,,,,,,,,,,,,,,,,,
u8jhgtGe-z0,22-Jul-10,Kardashian,,,x,,,,,,,,,,,,,,,x,,,,,,,,,x,,,,,,,,,,,,,,,,,,,x,,,,,x,,,x,,,x,,,,,,,,,,,,,,,,,,,,,,,
9ytD-kAbBgQ,1-Nov-10,Kat Von D,,,,,,,,,,,,x,,,,,,x,,,,,,,,,,,x,,,,,,,,,,,,,,,,,,x,,,,,,,,,,,,,,x,,,,,,,,,,,,,,,,,,,
YsT0-TX1A38,14-Jul-10,Kat Von D,,,,,,,,,,,,x,,,,,,,x,,,,,x,,,,,x,,,,,,,,,,,,,,,,,,,,,,X,X,,,,,,X,,,,,,,,,,,,,,,,,,,,,,
eQH_HNsELqw,27-Sep-10,Kate Hudson,x,,,,,,,,,,,,,,,,,,x,,,,,,,,,,x,,,,,,,X,,,,,,,,,,,X,,,,,,,,,,,,,X,,,,,,,,,,,,,,,,,,,,
7Dmr6r0HTh8,2-May-11,Kate Middleton,,,,,,,,,,,,,,x,,,,,,x,,x,,,,x,,,,,,,,,,,,,,,,,,,,,x,,,,,,x,,,,,,x,,,,,,,,,,,,,,,,,,,,,
NCWhWlPMdgI,24-Nov-10,Kate Middleton,,,,,,,,,,,,,,x,,,,,,x,,x,x,,,x,,,,,,,,,,,,,,,,,,,,,x,,,,,,,,,,,,x,,,,,,,,,,,,,,,,,,,,,
6Xov3-1EAAA,21-Apr-11,Kate Moss,,,,,,,,,,,,,,,,,,,,x,,,,x,x,,,,,,,,,,,,,,,,,,,,,,,,x,,,,,,,,,,,,x,,,,,,,,,,,,,,,,,,,
R4wXCiL4zpc,18-Oct-10,Katy Perry,,,,,,,,,,,,,,,,,,,x,,,,,,x,,,,,,,,,,,,,,,,,,,,,,,,,,,,,,,,,,,,,,,,,,,,,,,,,,,,,,,
z8MEo3UA5Gs,6-Oct-10,Katy Perry,,,x,,,,x,,,,,,,,,,,,x,,,,,,,,x,,,,,,,,,,,,,,,,,,,,,x,,,,,,,,,x,,,,,,,,,,,,,,,,,,,,,,,
G6XrHfi8cM4,18-Apr-11,Keira Knightley,,x,x,,,,,,,,,,,,,,,,,x,,,,,,,,x,,,,x,,,,,,,,,,,,,,,,,x,,x,x,,,,,x,,,,,,,,,,,,,,,,,,,,,,,
3DYb9Wv_Hz4,13-Jul-10,Kim Kardashian,,,x,,,,x,,,,,,,,,,,x,x,,,,,,,,x,,,,,,,,,,,,,,,,,,,,,,,,x,,,,,,,,,x,,,,,,,,,,,,,,,,,,,,
muep2oUDE9Y,26-May-10,Kim Kardashian,,,,x,,x,x,,,,,,,,,,,,x,x,,,,,x,,,,,,,,,,,,,,,,,,,,,,,,x,,,,,,,,,,,x,,,,,,,,,,,,,,,,,,,,
RJ-k-MEPIWI,22-Apr-11,Kim Kardashian,,,x,,,,,,,,,,,,,,,,x,,,,,,,,x,,,,,,,,,,,,,,,,,,,,,,,,,x,,,,,,,,x,,,,,,,,,,,,,,,,,,,,
3W6UZQE6R3g,14-Jun-10,Kimberly Wyatt,,,,,x,x,x,,,,,,,,,,,,,x,,,,x,x,,,,,,,,,,,,,,,,,,,,,,,,,,X,,,,,,,,,,X,,,,,,,,,,,,,,,,,,,
EimdVab_yAY,27-Aug-10,Kristen Stewart,,,x,,,,,,,,,,,x,,x,,,,x,,,,,,,,,x,,,,,,,,,,,,,X,,,,,,,,X,,,,X,,,,,,X,,,,,,,,,,,,,,,,,,,,
Pv74Y8QGYng,5-Jul-10,Kristen Stewart,,,,,,,,,,,,,x,x,,x,,,,,,,,,,,,,x,,,,,,,,,,,,,,,,,,,,,,,,x,x,,,x,,,,,,,,,,,,,,,,,,,,,,,
FbVprBiGxIk,2-Aug-10,Kylie Minogue,,,,,,,x,,,,,,,x,,,x,,,x,,,,,x,,,,,,,,,,,,,,,,,,,,,,,X,,,,X,,,,,,,,X,,,,,,,,,,,,,,,,,,,,
pr7trpq0OP8,31-Jul-10,Kylie Minogue,,,,,,,,,,,,,,,,,,,,x,,,,,,,x,,,,,,,,,,,,,,,,,,,X,,,,,,,X,,,,,,,X,,,,,,,,,,,,,,,,,,,,
A9uloFIUnVQ,21-Mar-11,Lady Gaga,,x,,,x,,x,,,,,,,,,,,,,x,,,,,,x,,,,,,,,,,,,,,,,,,,,,,,,,,,,,,,x,,,,,,,,,,,,,,,,,,,,,,,
Jh7xNqDhDFQ,9-Mar-11,Lady GaGa,,,,,,,,,,,,,,,,,,,x,,,,,,,,,,,x,,,,,,,,,,,,,x,,,,,,,,x,,,,,x,,,,,,,,,,,,,,,,,,,,,,,,
daSLTj75-cA,30-Jul-10,Lauren Conrad,,,,,,,x,,,,,,,x,,x,,,,,,,,,,x,,,,,,,,,,,,,,,,,,,,,,,,x,,x,,,,,x,,,,,,,,,,,,,,,,,,,,,,,
qvSNptQmK1M,26-Feb-11,Lucy Hale,,,,,,,,,,,,,,x,,,,,,x,,,,,,,x,,,,,,,,,,,,,,,,,,,,,,,,x,,,,,x,,,,,,,,,,,,,,,,,,,,,,,,
pjP1Aw_PiTg,24-Apr-11,Madonna,,,,x,,,,,,,,,,,,,,,,x,,,,,,,x,,,,,,,x,,,,,,,,,,,,,,x,,,,,x,,,x,,,,,,,,,,,,,,,,,,,,,,,,
HbNYiYfANik,15-Feb-11,Mary-Kate Olsen,,,x,,,,,,,,,,,,,,,,,x,,,,,,,,x,,,,x,,,,,,,,,,,,,,,,,,,x,x,,,,,,,,,,,,,,,,,,,,,,,,,,,,
_0D5fa452uI,6-May-11,Mila Kunis,,,,,,,,,,,,,,,,,,,,x,,,,,,,x,,,,,,,,,,,,,,,,,,,,,,,,,x,x,x,,,,,,x,,,,,,,,,,,,,,,,,,,,
7XiSXxejXg8,24-Mar-11,Mila Kunis,,,,,,,,,,,,,,,,,,,,x,,,,,,,x,,,,,,,,,,,,,,,,,,,,,,,,x,,,,,,,,,x,,,,,,,,,,,,,,,,,,,,
Tzqwhs3qCWU,1-Mar-11,Mila Kunis,,,,,,x,x,,,,,,,,,,,,,x,,,,,,x,,,,,,,,,,,,,,,,,,,,,,,,,,,x,,,,,,,x,,,,,,,,,,,,,,,,,,,,
vSg9BbVtkeo,5-May-11,Naomi Annalynne McCord,,,,,,,x,,,,,,,x,,,,,,x,,,,,x,,,,,,,,,,,,,,,,,,,,,,,,x,,,,,,,,,,,x,,,,,,,,,,,,,,,,,,,,
EKNCdL9VOYg,5-Mar-11,Natalie Portman,,,,,,,,,,,,,,,,,,,,x,,,x,,x,,,,,,,,,,,,,,,,,,,,,,,,,x,,,,,,,,x,,,,,,,,,,,,,,,,,,,,,,
PtYaST-Neu8,27-Nov-10,Nicki Minaj,,,,,,,x,,,,,,,,,,,,x,,,,,,,,x,,,,,,,,x,,,,,,,,,,,,,,,,,,,,,,,,x,,,,,,,,,,,,,,,,,,,,,
rrwDxmz3FVI,17-Sep-10,Nicole Richie,,,,x,,,,,,,,,,,,,,,x,,,,,,,,,,x,,,,,,,,,,,,,,,,,x,x,,,,,,,,,,x,,,,,,,,,,,,,,,,,,,,,,,
_4j0OFHJ65w,18-Nov-10,Pamela Anderson,,,,,,,,,,,,,,,,,,x,,,,,,,,,x,,,,,,,x,,,,,,,,,,,,,,,,,,,,,X,,X,,,,,,,,,,,,,,,,,,,,,,,
zoDLaScwEyM,12-Oct-10,Penelope Cruz,,,,,,,,,,,,,,,,,,,,x,,,,x,,,x,,,,,,,,,,,,,X,,,,,,,,,,,,,,,,,,X,,,,,,,,,,,,,,,,,,,,,,
ufwl4X16_-o,28-Aug-10,Pixie Lott,,,,,,,,,,,,,,,,,,,x,,,,,,,,,,,x,,,,,,,,,,,,,,,,,,,,,,,,,X,,,,,X,,,,,,,,,,,,,,,,,,,,
vQRawun3x2A,10-Mar-11,Rihanna,,,,,,,,,,,,,,,,,,,x,,,,,x,,,,,,x,,,,,,,,,,,x,,,,,,,x,,,,,,,,,,,,x,,,,,,,,,,,,,,,,,,,,
cXZ9GNDe78M,12-Mar-11,Rihanna,,,,,,,,,,,,,,,,,,,x,,,,,,,,,x,,,,,,,,,,,,,,,,,x,,,,,,,,,,,,x,,,,,,,,,,,,,,,,,,,,,,,
hdt9JIhcvsA,18-Feb-11,Rihanna,,,,,,,,,,,,,,,,,,,x,,,,,,,,,,,x,,,,,,,,,,,,,,,,,x,,,,,,,,,,,,,x,,,,,,,,,,,,,,,,,,,,
V3GbfhYFaB8,12-Nov-10,Rihanna,,,,,,,,,,,,,,,,,,,x,,,,,,,,,,,x,,,,,,,,,,,,,,,,x,,,,,,,,,,,,,x,,,,,,,,,,,,,,,,,,,,,
y42rje4GgGA,10-Mar-11,Rihanna,,,,,,,,x,,,,,,,,,,,x,,,,,x,,x,,,,,,,,,,,,,,,,,,,,x,,x,,,,,,,,,x,,,,,,,,,,,,,,,,,,,,,,,
AOrtXJxe8Mk,18-Mar-11,Rosie Huntington Whiteley,,,,,,,,,,,,,,,,,,x,,,,,,x,,,x,,,,,,,,,,,,,,,,,,,,,,,,,,,,x,,,x,,,,,,,,,,,,,,,,,,,,,,
8q35m5XwKDY,1-Mar-11,Scarlett Johansen,,,,,,,,,,,,,,,,,,,x,,,,,,,,x,,,,,,,,,,,,,x,,,,,,,,,,,,,,x,,,,,,x,,,,,,,,,,,,,,,,,,,,
nnn4g64O4cQ,20-Feb-11,Selena Gomez,,,,,,,x,,,,,,,x,,,,,,x,,,,,,,x,,,,,,,,,,,,,,,x,,,,,,,,,,,,,,,,,,x,,,,,,,,,,,,,,,,,,,,
8s9j3BlKGN4,4-Oct-10,Taylor Momsen,,,,,,,,,,,,,,,,,,,x,,,,,,,,,,x,,,,,,,,,,,,,,,,,,,,,,x,,,x,,x,,,,,,,,,,,,,,,,,,,,,,,,
_den4sUAzvk,2-Apr-11,Taylor Swift,x,,,,,,x,,,,,,,,,,,,,x,,,,,,,x,,,,,,,,,,,,,,,,,,x,,,x,,,,,,,,,,,,x,,,,,,,,,,,,,,,,,,,,
vLzKN-40bpQ,15-Oct-10,Veronica Lake,,,,,x,,,,,,,,,,,,,,,x,,,,x,x,,,,,,,,,x,,,,,,,,,,,,,,,,x,,,,,,,,X,,,,,,,,,,,,,,,,,,,,,,
gAh-s6B7Ro8,17-Jan-11,Victoria Beckham,x,,x,,,,,,,,,,,,,,,x,,,,,,,,,x,,,,,,,,,,,,,,,,,,,,,,,,,x,,,x,,,,,x,,,,,,,,,,,,,,,,,,,,
pJxLUz3B_ZU,30-Nov-10,Victoria Secret,,,x,,,,,,,,,,,,,,,x,,,,,,,,,x,,,,,x,,,,,,,,,,,,,,,,,,,x,,,,,,,,,x,,,,,,,,,,,,,,,,,,,,
1EBtv8OlPFg,13-Apr-11,,,,,,,,,,,,,,,,,,,,,,,,,,,,,,,,,,,,,,,,,,,,,,,,,,,,,,,,,,,,,,,,x,,,,,,,,,,,,,,,,,
66j2x8OcoS4,1-Apr-10,,,,,,,,,,,,,,,,,,,,,,,,,,,,,,,,,,,,,,,,,,,,,,,,,,,,,,,,,,,,,,,,x,,,,,,,,,,,,,,,,,
b6Xn7YnceLQ,10-Feb-10,,,,,,,,,,,,,,,,,,,,,,,,,,,,,,,,,,,,,,,,,,,,,,,,,,,,,,,,,,,,,,,,x,,,,,,,,,,,,,,,,,
CRdJVUb1zvk,23-Jul-09,,,,,,,,,,,,,,,,,,,,,,,,,,,,,,,,,,,,,,,,,,,,,,,,,,,,,,,,,,,,,,,,x,,,,,,,,,,,,,,,,,
HfOYS--CKfY,1-Mar-10,,,,,,,,,,,,,,,,,,,,,,,,,,,,,,,,,,,,,,,,,,,,,,,,,,,,,,,,,,,,,,,,x,,,,,,,,,,,,,,,,,
hgiRSgqdiu8,24-Jun-09,,,,,,,,,,,,,,,,,,,,,,,,,,,,,,,,,,,,,,,,,,,,,,,,,,,,,,,,,,,,,,,,x,,,,,,,,,,,,,,,,,
W00XLRnFWoQ,15-Jul-09,,,,,,,,,,,,,,,,,,,,,,,,,,,,,,,,,,,,,,,,,,,,,,,,,,,,,,,,,,,,,,,,x,,,,,,,,,,,,,,,,,
yxNCTX2ehkc,18-Jul-09,,,,,,,,,,,,,,,,,,,,,,,,,,,,,,,,,,,,,,,,,,,,,,,,,,,,,,,,,,,,,,,,x,,,,,,,,,,,,,,,,,
3cpdv7Md_Cs,4-Feb-11,,,,,,,,,,,,,,,,,,,,,,,,,,,,,,,,,,,,,,,,,,,,,,,,,,,,,,,,,,,,,,,,,x,,,,,,,,,,,,,,,,
bx_l9_IoYB8,18-Mar-10,,,,,,,,,,,,,,,,,,,,,,,,,,,,,,,,,,,,,,,,,,,,,,,,,,,,,,,,,,,,,,,,,x,,,,,,,,,,,,,,,,
E6Y2M6QRA-8,26-Jul-10,,,,,x,,,x,,,,,,,,,,,,,x,,,,,,x,,,,,,,,,,,,,,,,,,,,,,,,,x,,,,,,,,,x,,,,x,x,,,,,,,,,,,,,,,
qOgfrS_Ym28,18-Feb-10,,,,,,,,,,,,,,,,,,,,,,,,,,,,,,,,,,,,,,,,,,,,,,,,,,,,,,,,,,,,,,,,,x,,,,,,,,,,,,,,,,
xM9bq5YpC-A,7-Apr-10,,,,,,,,,,,,,,,,,,,,,,,,,,,,,,,,,,,,,,,,,,,,,,,,,,,,,,,,,,,,,,,,,x,,,,,,,,,,,,,,,,
GJrzBmT65OY,27-Jul-10,,,,,,,,,,,,,,,,,,,,x,,,,,,,,x,,,,,,,,x,x,,,,,,,,,,,,,x,,,,,,,,,,,x,,,,,,,,,,,,,,,,,,,,
S6Ly-q6Opk4,17-Aug-10,,,,,,,,,x,,,,,,,,,,,x,,,,,,,,x,,,,,,,,x,,,x,,,,,,,,x,,,x,,,,,,,,,,,x,,,,,,,,,,,,,,,,,,,,
NQ3WwvktE48,21-Aug-10,,,,,x,,,,,,,,,,,,,,,x,,,,,,,,x,,,,,,,,x,,,,,,,x,,,x,,,,,,,,,,,,,,,x,,,,,,,,,,,,,,,,,,,,
9mMYpARuNLE,27-Jul-10,,x,,,,x,x,x,,,,,,,,,,,,x,,,,,x,,,,,,x,,,,,X,,,,,,,,,,,,,,,,,,,,X,,,X,,,,,,,,,,,,,,,,,,,,,,
MwdnQC-ZrXA,19-Aug-10,,,,,,x,,x,,,,,,,,,,,x,,,,,,,x,,,,,,,,,x,X,,,,,,,,,,,,,,,x,,,,,,,,,,X,,,,,,,,,,,,,,,,,,,,
XD7d1ppdDvI,9-May-11,,,x,,,,,,,,,,,,,,,,,,,x,,,,,,,,,,,,,,x,,,,,,,,,,,,,,,,,,,,x,,x,,,,,,,,,,,,,,,,,,,,,,,
lJAb8eKkUAk,5-Apr-10,,,,,,,,,,,,,,,,,,,,,,,,,,,,x,,,,,,,,,x,,,x,,x,,,,,,,,x,,,,,,,,,,,x,,,,,,,,,,,,,,,,,,,,
SiOeEfmE1TI,30-Mar-11,,,,,x,,,,,,,,,,,,,,,x,,,,,,,,x,,,,,,,,,x,,,,,x,,,,,,,,,,,,,,,,,,,x,,,,,,,,,,,,,,,,,,,,
I1ZUDe5J0Js,28-Sep-10,,,,,,,,,,,,,,,,,,,,,,x,,,x,,,,,,,,,,,,x,,,,,,x,,,,,,,,,,,,,,,,,,,x,,,,,,,,,,,,,,,,,,,
lT7pUpgmL4w,30-Mar-11,,,,,,,,,,,,,,,,,,,,,,x,,,,,,,,,,,,,,,x,,,,,,x,x,x,,,,,x,,,,,,,,,,x,,,,,,,,,,,,,,,,,,,,,
BvqsvEW0lo8,15-Aug-10,,,,x,,,,,,,,,,x,,x,,,,,,,,,,,,,,,,,,x,,,x,,,,,,,,,,,,,,,,,,,,,,,,x,,,,,,,,,,,,,,,,,,,,
i159XOszLtk,27-Dec-09,,,,,x,,,,x,,,,,,,,,,,x,,,,,,,,x,,,,,,,,,x,,,,,,,,,,,,x,,,,,,,,,,,,,x,,,,,,,,,,,,,,,,,,,
JJJTPO7X-qs,12-Feb-11,,,,x,,,,,,x,,,,,,,,,,x,,,,,,,,x,,,,,,,,,x,,,,,,,,,,,,,,,,,,,x,,,,,x,,,,,,,,,,,,,,,,,,,,
jwbggXSCe7c,15-Apr-11,,,,,,,,,,,,,,,,,,,,,,x,,,,,,,,,,,,,x,,x,,,,,,,x,,x,,x,,,,,,,,,,,,x,,,,,,,,,,,,,,,,,,,,,
KXvexo0iEeA,30-Oct-10,,,,,,,,,,,,,,,x,,,x,x,,,,,,,,,x,,,,,,,,,x,,,,,,,,,,,,,,,x,,,,x,,,,,,,,,,,,,,,,,,,,,,,,,
vHdC9fIesrI,9-Oct-10,,,,x,,,,,,,,,,,x,,,,,,,,,,,,,x,,,,,,,,,x,,,,,,,,,,,x,,,,,,,,,,,,,x,,,,,,,,,,,,,,,,,,,,
vWBuh7Tmp_A,27-Feb-11,,,,,x,,,,,,,,,,,,,,,x,,,,x,,,,,,,x,,,,,,x,,,,,,,,,,,,,x,,,,,,,,,,,x,,,,,,,,,,,,,,,,,,,,
Xkok_ZJvNDM,8-Jul-10,,,,,,,,x,,,,,,,x,,,,,,x,,,,,,x,x,,,,,,,,,X,,,,,,,,,,,,,,,,,,,,,,,,X,,,,,,,,,,,,,,,,,,,,
yeFyRA5Zg_E,8-Nov-10,,,,,x,,,,,,,,,,,,,,,x,,,,,x,,,x,,,,,,,,,x,,,,,,,,,,,,,x,,,,,,x,,,x,,,,,,,,,,,,,,,,,,,,,,
icDpNPt2qrQ,24-Apr-11,,,,x,,,,x,,,,,,,x,x,,,,,,,,,,,,x,,,,,,,,,,x,,,,,,,,,,,,,,,x,,,,,,,,x,,,,,,,,,,,,,,,,,,,,
SaQL-ilyGpo,21-Feb-10,,,,,,,,,,x,,,,,x,,,,,,,,,,x,,,x,,,,,,,x,,,x,,,,,,,,,,,,,,,,,,,,,,,x,,,,,,,,,,,,,,,,,,,,
x78xsafd0fk,13-Sep-10,,,,,,,,,,,,,,,x,,,,,x,,,,,,,,x,,,,,,,,,,,x,x,,,x,,,,,,,,,,,,,,,,,,x,,,,,,,,,,,,,,,,,,,,
J_h-8bp4nBI,11-Apr-11,,,,,,,,,x,,,,,,,,,,,x,,,,,,,,x,,,,,,,,,,,x,,x,x,,x,x,,x,,,,,,,,,,,,,,x,,,,,,,,,,,,,,,,,,,,
hE-zsYqYR3U,12-Aug-10,,,,,,,,,,,,,,,,,,,,,,x,,,,,,,,,,,,,,,,,X,,,,,,,,X,X,,,,,,,,,,,,X,,,,,,,,,,,,,,,,,,,,,
g2ut7APScvE,30-Jun-10,,,,,,,,,,,,,,,,,,,,x,,x,,,,,,,,,x,,,,,,,,,X,,X,X,,,,,,,,,,,,,,,X,,,,,,,,,,,,,,,,,,,,,,,
OqYIPotrUZY,2-Apr-11,,,,,,,,,x,,,,,,,,,,,,,,,,,,,,,,x,,,,,,,,,x,,x,,,,,,,,,,,,,,,,,,,x,,,,,,,,,,,,,,,,,,,,
vUeQUCPtCwY,2-Jun-10,,,,,,,,,,,,,,,,,,,,x,,,,,,,,x,,,,,,,,,,,,x,,x,,,,,,,,x,,,,,,,,,,,x,,,,,,,,,,,,,,,,,,,,
KroAzY4g7JQ,14-Jul-10,,,,,,,,,,,,,,,,,,,,x,,,,,,,,,,,x,,,,,,,,,X,,,,,,,,,,,,,,,,X,,X,,,,,,,,,,,,,,,,,,,,,,,
MCEXolyYzp8,18-Apr-11,,,,,x,,,,,,,,,,,,,,,x,,,x,,x,,,x,,,,,,,,,,,,x,,,,,,,,,,x,,,,,,,,,x,,,,,,,,,,,,,,,,,,,,,,
0M_ICQKviOE,27-Mar-11,,,,,,,,,,,,,,,x,,,,,x,,,,,x,,x,,,,,,,,,,,,,,x,,,,,,,,,,,,,,,,,,,,,x,,,,,,,,,,,,,,,,,,,
0R1FdnPr4Kg,30-Apr-10,,,,,,,,,,,,,,,x,,x,,x,,,,,,,,,,,,,,,x,,,,,,,x,,,,,,,,,,,,,,,,,,,,x,,,,,,,,,,,,,,,,,,,,
3uFgQOfy7_4,15-Apr-11,,,,,,,x,x,,,,,,,,,,,,x,,,,,x,,,,,,x,x,,,,,,,,,x,,,,,,,,,,,,,,,,,,x,,,,,,,,,,,,,,,,,,,,,,
YbKbuhyP__g,31-Mar-10,,,,,,,,,,,,,,,x,,,,,,,,,x,,,,x,,,,,,,,,,,,,x,,,,,,,,,,,,,,,,,,,,x,,,,,,,,,,,,,,,,,,,,
_0506pw0CRA,12-Jan-11,,,,,,,,x,x,,,,,,,,,,,x,,,,,,,,,,x,,,,,x,,,,,,,x,,,,,x,,,,,,,,,,,x,x,,,,,,,,,,,,,,,,,,,,,,
hktu5DrQS-0,3-Mar-11,,,,,x,,,,,,,,,,,,,,,,,x,,,,,,,,,,,,,,,,,,,,x,,,x,,,x,,,,,x,,,,,,,,x,,,,,,,,,,,,,,,,,,,,
IctAlE5N8iw,12-Jul-10,,,,,,,,,x,,,,,,x,,,,,x,,,,,,,,,,,x,,,,,,,,,,,x,,,,,,x,,,,,,,,,,,,,x,,,,,,,,,,,,,,,,,,,,
uMjNDcD0mR8,10-May-11,,,,,,,,,,,,,,,,,,,,x,,,,,,,x,,,,,,,,,,,,,,,x,,,,,,,,,,,,,,,,,x,,,,,,,,,,,,,,,,,,,,,,
XV202NoIGa0,2-Nov-10,,,,,,,,,,,,,,,x,,,,x,,,,,,,,,,x,,,,,,,,,,,,,x,,,,,,,x,,,,,,,,,,,x,,,,,,,,,,,,,,,,,,,,,
y9ib0NtfrQU,25-Mar-10,,,,,,,,,x,,,,,,x,,,,,x,,,,,,,,,,,x,,,,,,,,,,,x,,,,,,x,,,,,,,,,,,,,x,,,,,,,,,,,,,,,,,,,,
-ojsjp9ksOE,2-Oct-10,,x,,,,,,,,,,,,,,,,,,x,,,,,,,,,,,x,,,,,,,,,,,,x,,,,,,,,,,,,,,,,,,,x,,,,,,,,,,,,,,,,,,,
1ikmb-2yGZ0,9-Jan-11,,,,,,,,,,,,,,,,,,,,x,,,,,,,,,,,x,,,,,,,,,,,,x,,,,,,,,,,,,,,,x,,,,x,,,,,,,,,,,,,,,,,,,
3-QV8d8Rx0M,28-Mar-11,,,,,,,,,,,,,,,,,,x,,,x,,,,,,,x,,,,,,,,,,,,,,,x,,,,,,,,,,,,,,,x,,,,,,,,,,,,,,,,,,,,x,,,
4eHe1XEQvMs,28-Nov-10,,,,x,,,,x,,,,,,,,,,,,x,,,,,,,,x,,,,,,,,,,,,,,,x,,,,,,,,,,,,,,,x,,,,,,,,,,,,,,,,,,,,,,,
7_rJdRT-UE8,23-Sep-10,,,,,x,,,,,,,,,,,,,,,x,,,,,,,x,,,,,,,,,,,,,,,,x,,,,,,,,,x,,,,,,,,,x,,,,,,,,,,,,,,,,,,,,
7FkM7p4qgMw,24-Oct-10,,,,,,,,,,,,,,,x,,x,,,,,,,,,,,x,,,,,,,,,,,,,,,x,,,,,x,,,,,,,,,,,,,x,,,,,,,,,,,,,,,,,,,,
KFXc_vQkVz4,8-Mar-11,,,,,,,,x,,,,,,,,,,,,x,,,,,,,,,x,,,,,,,,,,,,,,x,,,,,,,,,,,,,,,x,,,,,,,,,,,,,,,,,,,,,,,
kuLFGTr7SiA,13-Nov-10,,,,x,,,,,,,,,,,x,,,,,,x,,,,,,,x,,,,,,,,,,,,,,,x,,,,,,,,,,,,,,,,,,,x,,,,,,,,,,,,,,,,,,,
ojziz6x9Css,5-Jan-11,,,,,,,,,x,,,,,,x,,x,,,,,,,,,,,,,,x,,,,,,,,,,,,x,,,,,,,,,,,,,,,,,x,,,,,,,,,,,,,,,,,,,,,
sxwrFzg6JgI,26-Oct-10,,x,,,,,,,x,,,,,,,,,,,x,,x,,,,,,,x,,,,,,,,,,,,,,x,,,,,,,,,,,,,x,,x,,,,,,,,,,,,,,,,,,,,,,,
Tc932NaZykU,7-Mar-10,,,,x,,,,,,,,,,,,,,,,x,,,,,,,,,x,,,,,,,,,,,,,,x,,,,,,,,,,,,,,,x,,,,,,,,,,,,,,,,,,,,,,,
V6XaPPFOBxM,30-Apr-11,,,,,x,,,x,,,,,,,,,,,,x,,,,,,,,,,,x,,,,,,,,,,,,x,,,x,,,,,,,,,,,,,,,x,,,,,,,,,,,,,,,,,,,,
_3hTICl-9Ik,31-Aug-10,,,,,,,,,,,,,,,,,,,,,,,,,,,,,,,,,,,,,,,,,,,,,,,,,,,,,,,,,,,,,,,,,,,,,,,,,,,,,,x,,,
_6vs7Vmqk40,21-Jan-10,,,,,,,,,,,,,,,,,,,,,,,,,,,,,,,,,,,,,,,,,,,,,,,,,,,,,,,,,,,,,,,,,,,,,,,,x,,,,,,,,,
_bn1zrrcdUE,8-Feb-10,,,,,,,,,,,,,,,,,,,,,,,,,,,,,,,,,,,,,,,,,,,,,,,,,,,,,,,,,,,,,,,,,,,,,,,,x,,,,,,,,,
_C_Enk7CtII,27-Dec-10,,,,,,,,,,,,,,,,,,,,,,,,,,,,,,,,,,,,,,,,,,,,,,,,,,,,,,,,,,,,,,,,,,,,,,,,,,,,,,x,,,
-jKEcUoxqL4,11-Dec-09,,,,,,,,,,,,,,,,,,,,,,,,,,,,,,,,,,,,,,,,,,,,,,,,,,,,,,,,,,,,,,,,,,x,,,,,,,,,,,,,,,
-mItP5g9d4M,25-May-10,,,,,,,,,,,,,,,,,,,,,,,,,,,,,,,,,,,,,,,,,,,,,,,,,,,,,,,,,,,,,,,,,,,,,,,,,,,,,,,x,,
05O1VcQuE0k,24-Nov-09,,,,,,,,,,,,,,,,,,,,,,,,,,,,,,,,,,,,,,,,,,,,,,,,,,,,,,,,,,,,,,,,,,,,,,,,,,,,,x,,,,
18c9WGZW6K0,5-Apr-11,,,,x,,,,,,,,,,,,,,,x,,,,,,,,,,,,x,x,,,,,,,,,,,,x,,x,,,,,,,,,,x,,x,,,,,,,,,,,,,,,,,,,,,,,
1EBtv8OlPFg,13-Apr-11,,,,,,,,,,,,,,,,,,,,,,,,,,,,,,,,,,,,,,,,,,,,,,,,,,,,,,,,,,,,,,,,,,,,,,,,,,,,,,x,,,
1r8KG5_P4D8,16-Feb-11,,,,,,,,,,,x,,,x,,x,,,,,,,,,,,,,,,,,,x,,,,,,,,,,,,,,,,,x,,,,,,,,,,,,,,,,,,,,,,,,,,x,,,,
2D5BmTY_sZs,24-Jan-11,,,,,,,,,,,,,,,,,,,,x,,,,,,,,,,,x,,,,,,,,,,,,,,x,,x,,,,,,,,,,,,,,x,,,,,,,,,,,,,,,,,,,,
2gRVR4Ef3Mk,19-Nov-10,,,,,,,,,,,,,,,,,,,,,,,,,,,,,,,,,,,,,,,,,,,,,,,,,,,,,,,,,,,,,,,,,,,,,,,x,,,,,,,,,,
2S1QtrmpeUg,20-Nov-10,,,,,,,,,,,,,,,,,,,,,,,,,,,,,,,,,,,,,,,,,,,,,,,,,,,,,,,,,,,,,,,,,,,,,,,,,,,,x,,,,,
2sk3rxcIU_g,8-Feb-11,,,,,,,,,,,,,,,,,,,,,,,,,,,,,,,,,,,,,,,,,,,,,,,,,,,,,,,,,,,,,,,,,,,,,,,,,,,,,x,,,,
2vV2V-jhIAw,5-Mar-10,,,,x,,,,,,,,,,,x,,,,x,,,,,,,,,,x,,,,,,,,,,,,,,,,,x,x,,,,,,,,x,,,,,,x,,,,,,,,,,,,,x,,,,,,,
3BnHPyoLUFs,28-Dec-10,,,,x,,,,,,,,,,,,,,,,,x,,,,,,,x,,,,,,,,,,,,,,,,,,x,,,,,,,,,,,,,,,x,,,,,,,,,,,,,,,,,,,,
3IJOScwH1x0,18-Jun-10,,,,x,,,,,,,,,,,x,,,,x,,,,,,,,,x,,,,,,,,,,,,,,,,,,,x,x,,,,,,,,,,x,,,,,,,,,,,,,,,,,,,,,,,
3ODmwOXVjfk,12-Aug-10,,,,,,,,,,,,,,,,,,,,,,,,,,,,,,,,,,,,,,,,,,,,,,,,,,,,,,,,,,,,,,,,,,,,,,,,,,,,,,x,,,
414rIJdNYog,14-Jun-10,,,,,,,,x,,,,,,,x,,x,x,x,,,,,,,,x,,,,,,,,x,,,,,,,,,,,,,,,,x,,,,,,,x,,,,,,,,,,,,,,,,,,,,,,,
4wwjv5leP1w,24-Dec-10,,,,,,,,,,,,,,,,,,,,,,,,,,,,,,,,,,,,,,,,,,,,,,,,,,,,,,,,,,,,,,,,,,,,,,,,,,x,,,,,,,
5ClGWakF2Ho,31-Aug-10,,,,,x,,,x,,,,,,,,,,,,x,,,,,,,,x,,,,,,,,,,,,,,,,,,,,,,,x,,X,,,,,,,,X,,,,,,,,,,,,,,,,,,,,
5g9jNgKrmS4,4-Jan-11,,,,,,,,,,,,,,,,,,,,,,,,,,,,,,,,,,,,,,,,,,,,,,,,,,,,,,,,,,,,,,,,,,,,,,,x,,,,,,,,,,
5NlnD9_RSTs,7-Dec-10,,,,,,,,,,,,,,,,,,,,,,,,,,,,,,,,,,,,,,,,,,,,,,,,,,,,,,,,,,,,,,,,,,,,,,,,,,x,,,,,,,
5zkpMQM_dAQ,10-Sep-10,,,,,,x,,x,,,,,,,x,,x,,,,,,,,,x,,,,,,,,,,,,,,,,,,,,,,,X,,,,,,,,,,,,X,,,,,,,,,,,,,,,,,,,,
6eEj3hGCEvo,22-Jun-10,,,,x,,,,,,,,,,,,,,,,x,,,,,,,,,x,,,,,,,,,,,,,,,,,,,X,,,,,,,,,,,,,X,,,,,,,,,,,,,,,,,,,,
6lH-hW79ieM,9-Apr-11,,x,,,,x,,x,,,,,,,x,,x,,,,,,,,x,x,,,,,,x,,,,,,,,,,,,,,,,,,,,,,,,,,,x,,,,,,,,,,,,,,,,,,,,,,
6Tk4N2TyiX4,6-Jul-10,,,,,x,,,,,,,,,,x,x,,,,,x,,,,,,,x,,,,,x,,,,,,,,,,,,,,,,,,,x,,,,,,,,x,,,,,,,,,,,,,,,,,,x,,,
7jIPg9bfi4c,4-Nov-10,,x,,,,,,,,,,,,,,,,,x,,,,,,x,,,,,x,,,,,,,,,,,,,,,,X,,,,,,,,,,,,,,X,,,,,,,,,,,,,,,,,,,,,
7lLlcOnDKrU,10-Mar-11,,,,,,,,,,,,,,,x,,,,,,,,,,,,,,,,,,,x,,,,,,,,,,,,,,x,,,,,,,,,,x,,,,,,,,,,,,,,,,,,,,,,,
7Pv7B2NirqU,21-Jan-10,,,,,,,,,,,,,,,,,,,,,,,,,,,,,,,,,,,,,,,,,,,,,,,,,,,,,,,,,,,,,,,,,,,,,,,,,,,,,,x,,,
7xJR_4sU3Dw,9-Jun-10,,,,,,,,,,,,,,,,,,,,,,,,,,,,,,,,,,,,,,,,,,,,,,,,,,,,,,,,,,,,,,,,,,,,,,,,,,,,,,x,,,
88vyLwBjqv8,8-Mar-11,,,,,,,,,,,,,,,,,,,,,,,,,,,,,,,,,,,,,,,,,,,,,,,,,,,,,,,,,,,,,,,,,,,,,,,,,,,,,x,,,,
8KMXub4Tirs,2-Dec-10,,,,,,,x,x,,,,,x,,,,,,,x,,,,,,,,,,x,x,,,,,,,,,,,,,,,,,,,,,,x,,,,,,,,x,,,,,,,,,,,,,,,,,,,,
8YFJDzJbHU0,18-Jun-10,,,,,,,,,,,,,,,x,,,,,,x,,,,,,,x,,,,,,,,,,,,,,,,,,,,x,,,,,,,,,,,,,x,,,,,,,,,,,,,,,,,x,,,
9DEVIi6JCVU,29-Apr-10,,,,,,,,,,,,,,,,,,,,,,,,,,,,,,,,,,,,,,,,,,,,,,,,,,,,,,,,,,,,,,,,,,,x,,,,,,,,,,,,,,
9EWQbi6cxrw,6-Aug-10,,,,,,,,,,,,,,,,,,,,,,,,,,,,,,,,,,,,,,,,,,,,,,,,,,,,,,,,,,,,,,,,,,,,,,,,,,,,,,,x,,
9pwZP8cHfac,17-Aug-10,,,,x,,,,,,,,,,,,,,,,x,,,,,x,,,,x,,,,,,,,,,,,,,,,,,,x,,,,,,,,,,,x,,,,,,,,,,,,,,,,,,,,,,
9QOIu34jfFA,13-Apr-11,,,,,,,,,,,,,,,,,,,,,,,,,,,,,,,,,,,,,,,,,,,,,,,,,,,,,,,,,,,,,,,,,,,,,,,,,,,,,,,,,1
a7MFt14smlc,12-Oct-10,,,,,,,,x,,,,,,,,,,,,,,x,,,,,,,,,,,,,,,,,,,,,,x,,,,,,x,,,,,,,,,,,x,,,,,,,,,,,,,,,,,,,,
ahc7NTqzGWA,7-Apr-11,,,,,,,,,x,,,,,,,,,,,,,,,,,,,,,,x,,,,,,,,,,,,,,,,,x,,x,,,x,,,,,,,,x,,,,,,,,,,,,,,,,,,,,
amqvRqBvt9Q,17-Jun-10,,,,,,,,,,,,,,x,,,,,,,,,,,,,,,,,,,,x,,,,,,,,,,,,,,,,,x,,,,,,,,,,x,,,,,,,,,,,,,,,,,,,,
azcvgK5_B4U,10-Aug-10,,x,,,,,,,,,,,,,,,,,x,,,,,,,,,,,,x,,x,,,,,,,,,,,,,X,,,,,,,,,,,,,,,X,,,,,,,,,,,,,,,,,,,,
AZo4rOEdRYc,21-Apr-10,,,,,,,,,,,,,,,,,,,,,,,,,,,,,,,,,,,,,,,,,,,,,,,,,,,,,,,,,,,,,,,,,,,,,,,,x,,,,,,,,,
B3N3XdCSbIk,5-Sep-10,,,,x,x,,,,x,,,,,,,,,,x,,,,,,,,,x,,,,,,,,,,,,,,,,,,,,,x,x,,,,,,,,,,,x,,,,,,,,,,,,,,,,,,,,
B7H1taBxX9g,21-Jan-11,,,,,,,,,,,,,,,,,,,,,,,,,,,,,,,,,,,,,,,,,,,,,,,,,,,,,,,,,,,,,,,,,,,,,,,,,,,,,x,,,,
BBq5zmbBayo,4-May-11,,,,,,,,,,,,,,,,,,,,,,,,,,,,,,,,,,,,,,,,,,,,,,,,,,,,,,,,,,,,,,,,,,,,,,x,,,,,,,,,,,
C6vU48Yn_Bs,23-Dec-10,,,,,,,,,,,,,,,,,,,x,,,,,,,,,x,,,,,,,,,,,,,,,,,,,,,,,,,,,,,,,,,,,,,,,,,,,,,,,,,,,,,
CopSL_i22CU,21-Jan-10,,,,,,,,,,,,,,,,,,,,,,,,,,,,,,,,,,,,,,,,,,,,,,,,,,,,,,,,,,,,,,,,,,,,,,,,,,,,,,x,,,
CuWaMKGzNZw,29-Dec-10,,,,,,,,x,,,,,,,,,,,,,,x,,,,,,,,,,,,,,,,,,,,,,,,,,,,x,,,,,,,,,,,x,,,,,,,,,,,,,,,,,,,,
CV4r26d6F0A,15-Apr-10,,,,,,,,,,,,,,,,,,,,,,,,,,,,,,,,,,,,,,,,,,,,,,,,,,,,,,,,,,,,,,,,,,,,,,,,,,x,,,,,,,
cWR0rzeA6C0,19-May-10,,,,,,,,,,,,,,,,,,,,,,,,,,,,,,,,,,,,,,,,,,,,,,,,,,,,,,,,,,,,,,,,,,,,,,,,,,,,,,x,,,
CXAS1MFPsWg,26-Dec-10,,,,,,,,,,,,,,x,,,,,,,,,,,,,,,,,,,,x,,,,,,,,,,,,,,,,,x,,,,,,,,,,X,,,,,,,,,,,,,,,,,,,,
D2Sw7x0x2FA,21-Oct-10,,,,,,,,,,,,,,,,,,,,,,,,,,,,,,,,,,,,,,,,,,,,,,,,,,,,,,,,,,,,,,,,,,,,,x,,,,,,,,,,,,
D2YduumBIko,16-Dec-10,,,,,,,,,,,,,,,,,,,,,,,,,,,,,,,,,,,,,,,,,,,,,,,,,,,,,,,,,,,,,,,,,,x,,,,,,,,,,,,,,,
D8JgNMgPLEI,15-Jan-11,,,,,,,,,,,,,,,,,,,,,,,,,,,,,,,,,,,,,,,,,,,,,,,,,,,,,,,,,,,,,,,,,,,,x,,,,,,,,,,,,,
dd04nxx4TOQ,15-Nov-10,,,,,,x,,,,,,,,,x,,x,,,,,,,,,,x,,,,,,,,,,,,,,,,,,,,,,,,x,,,,,,,,,,X,,,,,,,,,,,,,,,,,,,,
dDm0hvIccgs,22-Mar-10,,,,,,,,,,,,,,,,,,,,,,,,,,,,,,,,,,,,,,,,,,,,,,,,,,,,,,,,,,,,,,,,,,,,,,,,,,,,,x,,,,
dfsjM0SbM6w,7-Mar-10,,,,,,,,,,,,,,,,,,,,,,,,,,,,,,,,,,,,,,,,,,,,,,,,,,,,,,,,,,,,,,,,,,,,,x,,,,,,,,,,,,
dVuvgh1Bw0A,30-Dec-10,,,,,x,,,,,x,,,,,,,,,,,x,,,,x,x,,,,,,,,,,,,,,,,,,,,,,,,,,,,,,,,,x,,,,,,,,,,,,,,,,,,,,,,
dwbD2Z0iacw,23-Jan-11,,,,,,,,,,,,,,,x,,,,x,,,,,,,,,,,,x,,,,,,,,,,,,,,,,x,,,,,,,,,,,,,x,,,,,,,,,,,,,,,,,,,,,
DWz4NkYnWSE,19-Apr-11,,,,,,,,,,,,,,,,,,,,,,,,,,,,,,,,,,,,,,,,,,,,,,,,,,,,,,,,,,,,,,,,,,x,,,,,,,,,,,,,,,
dZmNdJ9_P34,19-Jun-09,,,,,,,,,,,,,,,,,,,,,,,,,,,,,,,,,,,,,,,,,,,,,,,,,,,,,,,,,,,,,,,,,,,,,,,,,,,,,,,,,
E1fuw7Vabto,30-Jan-10,,,,,,,,,,,,,,,,,,,,,,,,,,,,,,,,,,,,,,,,,,,,,,,,,,,,,,,,,,,,,,,,,,,,,,,,,,x,,,,,,,
E42Gg_qMdpg,7-Feb-11,,,,,,,,x,,,,,,,,,,,,,x,,,,,,x,,,,,,,,,,,,,,,,,,,,,,,,x,,,,,,,,,,,,,,,,,,,,,,,,,,,,,,
ESzE9aoq7vQ,4-Feb-10,,,,,,,,,,,,,,,,,,,,,,,,,,,,,,,,,,,,,,,,,,,,,,,,,,,,,,,,,,,,,,,,,,,,,,,,3,,,,,,,,,
eTGeYrshxwI,10-Dec-10,,,,,,,,,,,,,,,x,,,,,,,,,x,,,,x,,,,,,,,,,,,,,,,,,,,,,,,,x,,,,,x,,,,,,,,,,,,,,,,,,,,,,,
f5y0JiyJZvE,5-Apr-11,,,,x,,,,,,,,,,,,,,,,x,,,,,,,,,x,,,,,,,,,,,,,,,,,,,,,,,,x,,,,,,,,x,,,,,,,,,,,,,,,,,,,,
F9THHOJ7Y0w,29-Oct-10,,,,,,x,,,,,,,,,,,,,,x,,,,,,,,,,,x,,,,x,,,,,,,,,,,,,,,,x,,,,x,,,x,,,,,,,,,,,,,,,,,,,,,,,
fkEP8-6yM_s,6-Aug-09,,,,,,,,,,,,,,,,,,,,,,,,,,,,,,,,,,,,,,,,,,,,,,,,,,,,,,,,,,,,,,,,,,,,,x,,,,,,,,,,,,
fOEJLffY8W4,25-Apr-10,,,,,,,,,,,,,,,x,,x,,,x,,,,,,,,,,,x,,,,,,,,,,,,,x,,,,,,,,,,,,,,,,,,,,,,,,,,,,,,,,,,,,,
fVM2BWhoswY,5-Oct-10,,,,,,,,,,,,,,,x,,,,,,,,,,,,,,,,,,,x,,,,,,,,,,,,,X,,,,,,,,,,,,X,,,,,,,,,,,,,,,,,,,,,,
fWpGTp2eHB0,21-Jul-10,,,,,,,,,,,x,,,,x,,x,,,,,,,,,,,,,,,,x,,,,,,,,,,,,,,,,,,,x,x,,,,,x,,,,,,,,,,,,,,,,,,,,,,,
g60e0J1yqfA,8-Dec-10,,,,,,,,,,,,,,,,,,,,,,,,,,,,,,,,,,,,,,,,,,,,,,,,,,,,,,,,,,,,,,,,,,,,,x,,,,,,,,,,,,
gA_WduNP_qo,13-Oct-09,,,,,,,,,,,,,,,,,,,,,,,,,,,,,,,,,,,,,,,,,,,,,,,,,,,,,,,,,,,,,,,,,,,,,,,,,,x,,,,,,,
gEFJBjwQJkg,19-Jan-11,,,,,,,,,,,,,,,x,,x,,,,,,,,,,,,,,,,,x,,,,,,,,,,,,,,x,,,,x,,,,,,,,,x,,,,,,,,,,,,,,,,,,,,
h3KYbEp6oSQ,6-Feb-11,,,,,,x,,,,,,,,,x,,,,,,x,,,x,,,x,,,,,,,x,,,,,,,,,,,,,,,,,x,,,,,,,,,,x,,,,,,,,,,,,,,,,,,,,
H4j_wTACu3E,25-Nov-10,,,,,x,,,,,,,,,,,,,,,,x,,,,x,,,x,,,,,,,,,,,,,,,,,,,,,,,,,x,,,,,,x,,,,,,,,,,,,,,,,,,,,,,
h71HJTSDEIE,8-Dec-10,,,,,x,,x,x,x,,,,,,,,,,,,x,,,x,,,,x,,,,,,,,,,,,,,,,,,,,,,X,,,,X,,,,,,,X,,,,,,,,,,,,,,,,,,,,
hibtdvTF274,24-Oct-09,,,,,,,,,,,,,,,,,,,,,,,,,,,,,,,,,,,,,,,,,,,,,,,,,,,,,,,,,,,,,,,,,,,,,,,,,,,,,x,,,,
hKc9jYCgf_M,18-Oct-10,,,,,,,,,,,,,,,,,,,,,,,,,,,,,,,,,,,,,,,,,,,,,,,,,,,,,,,,,,,,,,,,,,,,,,,,,,x,,,,,,,
hq0XHCzqpHo,9-Oct-10,,,,,,,,,,,,,,,,,,x,,,x,,,,x,,,x,,,,,,,,,,,,,,,,,,,,,,,,,,,x,,,,,x,,,,,,,,,,,,,,,,,,,,,
hU6Si0cjSd8,27-May-10,,,,,,,,,,,,,,,,,,,,x,,,,,,,,x,,,,,,,,,,,,,,,,,,,x,x,,,,,,,,,,,,,x,,,,,,,,,,,,,,,,,,,,
HUIrdIvaxkg,15-Nov-10,,,,x,,,,x,,,,,x,,,,,,,x,,,,,,,,x,,,,,,,,,,,,,,,,,,,,,,x,,,,,,,,x,,,,,,,,,,,,,,,,,,,,,,,
hVyP2rcOT90,24-May-10,,,x,,x,,,,,,,,,,,,,,x,,,,,,,,,,,,,,,x,,,,,,,,,,,,,,,,,x,,,,,,,x,,,,,,,,,,,,,,,,,,,,,,,
HYTv0M5Tp9E,14-Mar-11,,,,,,,,,,,,,,,,,,,,x,,,,,,,,,,,x,,,,,,,,,,,,,x,,,,,,,,,,,,,,,,,x,,,,,,,,,,,,,,,,,,,,
Ia9vJOxhOW0,25-Oct-10,,,,,,,,,,,,,,,,,,,,,,x,,,,,,,,,,,,,,,,,,,,,,,,,,,,,,,,,,,,,x,,,,,,,,,,,,,,,,,,,,,,
iCiGjZEV7VI,25-Aug-10,,,,,,,,,,,,,,,,,,,,,x,,,,,,,x,,,,,,,,,,,,,,,,,,,,,,,,,,,X,,,,,,X,,,,,,,,,,,,,,,,,,,,
ikAd5EpNL88,27-Jan-11,,,,,,,,,,,,,,x,,x,,,,,,,,,,,,,,,,,,x,,,,,,,,,,,,,,,,,x,,,,,,,,,,x,,,,,,,,,,,,,,,,,,,,
IKO10VdtLFU,17-Mar-10,,,,,,,,,,,,,,,,,,,,,,,,,,,,,,,,,,,,,,,,,,,,,,,,,,,,,,,,,,,,,,,,,,x,,,,,,,,,,,,,,,
iLa0aXrZ8GI,18-Sep-10,,,,x,,,,,,,,,,,x,,,,x,,,,,,,,,x,,,,,,,,,,,,,,,,,,,,,,,,x,,,,,,,,,x,,,,,,,,,,,,,,,,,,,,
InA8Xbg-hvo,2-Feb-11,,,,,,,,,,,,,,,,,,,,,,,,,,,,,,,,,,,,,,,,,,,,,,,,,,,,,,,,,,,,,,,,,,,,,,,,,,,,,,,,,
Ip-1_5u2wgs,10-Feb-11,,,,,,x,,x,,,,,,,,,,,,,x,,,x,x,x,,,,,,,,,,,,,,,,,,,,x,,,,,,,,,,,,,x,,,,,,,,,,,,,,,,,,,,,,
ixLtUKu92MU,30-Jul-10,,,,,,,,,,,,,,,,,,,,,,,x,,,,,x,,,,,,,,,,,,,,,,,,,x,,,,,,,,,,,,,,x,,,,,,,,,,,,,,,,,,,,
iz151VUZx_c,2-Jan-10,,,,,,,,,,,,,,,,,,,,,,,,,,,,,,,,,,,,,,,,,,,,,,,,,,,,,,,,,,,,,,,,,,,,,,,,,,,,,x,,,,
j4tpRMfqKsM,26-May-10,,,,,,,,,,,,,,,,,,,,,,,,,,,,,,,,,,,,,,,,,,,,,,,,,,,,,,,,,,,,,,,,,,,,,,,,x,,,,,,,,,
jAISvUHFPzI,12-Jan-11,,,,,,,,,,,,,,,,,,,,x,,,,,,,x,,,,,,,,,,,,,,,,,,,,,,,,x,,,,,x,,,,,,,,,,,,,,,,,,,,,,,,,
JBcLZmNkaok,16-May-10,,,,,,,,,,,,,,,,,,,x,x,,,,,,,,x,,,,,x,,,,,,,,,,,,,,,,,,,x,,,,,,,,,x,,,,,,,,,,,,,,,,,,,,
jBgrfjqSdRA,5-Apr-10,,,,,,,,x,,,,,,,x,,,,,,,,,x,,,x,,,,,,,,,,,,,,,,,,,,,,,,x,,,,,,,x,,,,,,,,,,,,,,,,,,,,,,,
jha0mEmvznE,31-May-10,,,,,,,,,,,,,,,,,,,,,,,,,,,,,,,,,,,,,,,,,,,,,,,,,,,,,,,,,,,,,,,,,,,,,,,,,,,x,,,,,,
jk0kYP5djs0,17-Nov-10,,,,,,,,,,,,,,,,,,,,,,,,,,,,,,,,,,,,,,,,,,,,,,,,,,,,,,,,,,,,,,,,,,,,,x,,,,,,,,,,,,
joTmBLFNTlA,24-Mar-11,,,,x,,,,,,,,,,,,,,,,,x,,,,,,,x,,,,,,,,,,,,,,,,,,,,x,,,,,,,,,,x,,,x,,,,,,,,,,,,,,,,,,,,
Jwngbzv0gbY,26-Oct-10,,,,,,,,,,,,,,,,,,,,,,,,,,,,,,,,,,,,,,,,,,,,,,,,,,,,,,,,,,,,,,,,,,,,,,,,,,x,,,,,,,
kdd89OdisNU,18-Feb-10,,,,,,,,,,,,,,,,,,,,,,,,,,,,,,,,,,,,,,,,,,,,,,,,,,,,,,,,,,,,,,,,,,x,,,,,,,,,,,,,,,
KDYMW6OTw8c,27-Dec-10,,,,,,,,,,,,,,,,,,,,x,,,,,,,,x,,,,,,,,,,,,,,,,,,,,,,x,,,,,,,,,,,x,,,,,,,,,,,,,,,,,,,,
kgrTW4p_kUw,28-Jul-10,,,,,,,,,,,,,,,,,,,,,,,,,,,,,,,,,,,,,,,,,,,,,,,,,,,,,,,,,,,,,,,,,,,,,,,,,,,,,,x,,,
ktWSfk5vRLI,23-Jul-10,,,,,,,,,,,,,,,,,,,,,,,,,,,,,,,,,,,,,,,,,,,,,,,,,,,,,,,,,,,,,,,,,,x,,,,,,,,,,,,,,,
Kv7nL1XR6JU,8-Jan-10,,,,,,,,,,,,,,,,,,,,,,,,,,,,,,,,,,,,,,,,,,,,,,,,,,,,,,,,,,,,,,,,,,,,,,,,x,,,,,,,,,
kxl4BECWedI,10-Jul-10,,,,,,,,,,,,,,,,,,,,,,,,,,,,,,,,,,,,,,,,,,,,,,,,,,,,,,,,,,,,,,,,,,,,,,,,,,x,,,,,,,
LNf0UmtxIoQ,5-Nov-10,,,,,,,,,,,,,,,,,,,,,,,,,,,,,,,,,,,,,,,,,,,,,,,,,,,,,,,,,,,,,,,,,,,,,,,x,,,,,,,,,,
lOVSoCktmbs,25-Jan-11,,,,x,,,,,,,,,,,,,,,,x,,,,,,,,,x,,,,,,,,,,,,,,,,,,,x,,,,,,,,,,,,,x,,,,,,,,,,,,,,,,,,,,
lR7RGScfHO8,12-Feb-11,,,,,,,,,,,,,,,,,,,,,x,,,x,,,,x,,,,,,,,,,,,,,,,,,,,,,,,,,,x,,,,,,,x,,,,,,,,,,,,,,,,,,,
LxcWR9_1E9s,25-Feb-10,,,,,,,,,,,,,,,,,,,,,,,,,,,,,,,,,,,,,,,,,,,,,,,,,,,,,,,,,,,,,,,,,,x,,,,,,,,,,,,,,,
lxU4jiIMguM,20-Oct-10,,,,,,,,,,,,,,,,,,,,,,,,,,,,,,,,,,,,,,,,,,,,,,,,,,,,,,,,,,,,,,,,,,,,,,,,,,,,,,,x,,
M1sHwEZATpg,22-Apr-10,,,,,,x,,x,,,,,,,,,,,,x,,,,,x,x,,,,,,,,,x,,,,,,,,,,,,,,,,x,,,,,,,,,x,,,,,,,,,,,,,,,,,,,,,
Mbt-cxk6eag,2-Jun-10,,,,,,,,,,,,,,,x,,,,,,,,x,,,,,x,,,,,,,,,,,,,,,,,,,,,,,x,,,,,,,,,,,x,,,,,,,,,,,,,,,,,,,
MfXQN5FlF2Q,16-Apr-11,,,,,,,,,,,,,,,,,,,,,,,,,,,,,,,,,,,,,,,,,,,,,,,,,,,,,,,,,,,,,,,,,,,,,,,,x,,,,,,,,,
mq_ji9td2DU,10-Nov-10,,,,,,x,,,,,,,,,x,,,,,,x,,,,x,x,,,,,,,,,,,,,,,,,,,,,,,,,x,,,,,,,,,X,,,,,,,,,,,,,,,,,,,,,
MQwZ_4xQEH8,25-Jun-10,,,,,,,,,,,x,,,,,,,,,x,,,,,,,,,,,x,,,,,,,,,,,,,,x,,,,,,,,,,,,,,,,x,,,,,,,,,,,,,,,,,,,,
mYmpcQahvt4,8-Feb-10,,,,,,,,,,,,,,,,,,,,,,,,,,,,,,,,,,,,,,,,,,,,,,,,,,,,,,,,,,,,,,,,,,,,,,,,,,x,,,,,,,
N7C5T055Ku0,13-May-10,,,,,,,,,,,,,,,x,,,,,x,,,,,x,,,x,,,,,,,,,,,,,,,,,,,,,,x,,,,,,,,,,,,x,,,,,,x,,,,,,,,,,,,,
nlFZh-jnKXI,28-Mar-10,,,,,,,,,,,,,,,,,,,,,,,,,,,,,,,,,,,,,,,,,,,,,,,,,,,,,,,,,,,,,,,,,,,,,,,,,,,x,,,,,,
NpcVUVa7OJ8,3-Oct-10,,,,,x,,,,,,,,,,,,,,,,,x,,,x,,,,,,,,,,,,,,,,,,,,,,,x,,,,,,,,,,,x,,,,,,,,,,,,,,,,,,,,,,
NQ10Fuwd-9Y,20-Jul-10,,,,,,,,,,,,,,,,,,,,,,,,,,,,,,,,,,,,,,,,,,,,,,,,,,,,,,,,,,,,,,,,,,,,,,,,,,,,,,x,,,
nWtPx99L-zg,10-Jun-10,,,,,,,,,,,,,,,,,,,,,,,,,,,,,,,,,,,,,,,,,,,,,,,,,,,,,,,,,,,,,,,,,,,,,,,,,,,,,,,x,,
NxZF7RApA14,17-Apr-11,,,,,,,,,,,,,,x,,x,,,,,,,,,,,,,,,,,,x,,,,,,,,,,,,,,,,,,x,,,,,,,,,x,,,,,,,,,,,,,,,,,,,,
ov-mXl5s-yU,14-Apr-10,,,,,,,,,,,,,,,,,,,,,,,,,,,,,,,,,,,,,,,,,,,,,,,,,,,,,,,,,,,,,,,,,,,,,,x,,,,,,,,,,,
PcRIxuNyrmw,22-Jan-10,,,,,,,,,,,,,,,,,,,,,,,,,,,,,,,,,,,,,,,,,,,,,,,,,,,,,,,,,,,,,,,,,,,,,,,,x,,,,,,,,,
PIpJlazEjRg,13-Apr-11,,,,,,,,,,,,,,,,,,,,,,,,,,,,,,,,,,,,,,,,,,,,,,,,,,,,,,,,,,,,,,,,,,,,,,x,,,,,,,,,,,
PJUmHQft4RE,17-Sep-10,,,,,,,x,,,,,,,,,,,,,,,x,,,,,,,,,,,,,,,,,,,,,,,,,,,,,,,,,,X,,,,,,X,,,,,,,,,,,,,,,,,,,
PkZqkChfT40,11-Feb-11,,,,x,,,,,,,,,,,,x,,,,,,,,,,,,x,,,,,,,,,,,,,,,,,,,,,,,,,,x,,,,,,,x,,,,,,,,,,,,,,,,,,,,
pOjx7r4y4Sg,19-Dec-10,,,,x,x,,,,,,,,,,,,,,,x,,,,,,,,x,,,,,,,,,,,,,,,,,,,x,,,,,,,,,,,x,,,,,,,,,,,,,,,,,,,,,,,
pTFCFPrqZR8,26-Jun-10,,,,,,,,,,,,,,,,,,,,,x,,,,,,,,x,,,,x,,,,,,,,,,,,,,,,,,X,,,,,,X,,,,,,,,,,,,,,,,,,,,,,,,
pXzxLqW_Gok,26-Aug-10,,,,,,,,,,,,,,,,,,,,,,,,,,,,,,,,,,,,,,,,,,,,,,,,,,,,,,,,,,,,,,,,,,,,,,,,,,,,x,,,,,
Py1rfSNEmwk,13-Jul-10,,,,,,,,,,,,,,,,,,,,,,,,,,,,,,,,,,,,,,,,,,,,,,,,,,,,,,,,,,,,,,,,,,,,,,,,,,,,,,,,x,
PYTNOOYpEm4,22-Jan-10,,,,,,,,,,,,,,,,,,,,,,,,,,,,,,,,,,,,,,,,,,,,,,,,,,,,,,,,,,,,,,,,,,,,,,,,x,,,,,,,,,
R-ZdgfaOWlo,7-Jan-10,,,,,,,,,,,,,,,,,,,,,,,,,,,,,,,,,,,,,,,,,,,,,,,,,,,,,,,,,,,,,,,,,,,,,,,,,,,,,,x,,,
r9UoUGOHtGw,16-Mar-11,,,,,,,,,,,,,,,,,,,,,,,,,,,,,,,,,,,,,,,,,,,,,,,,,,,,,,,,,,,,,,,,,,,,,,,,,,,,,x,,,,
rN-2f5kSsZo,19-Dec-10,,,,x,x,,,,,,,,,,,,,,,x,,,,,,,,,,x,,,,,,,,,,,,,,,,,,X,,,,,,,,,,X,,X,,,,,,,,,,,,,,,,,,,,,
sj1tUGeN1NE,11-Jan-11,,,,x,,,,,,,,,,,x,,,,x,,,,,,,,,,x,,,,x,,,,,,,,,,,,,,,,,,,,x,,,,,,,,x,,,,,,,,,,,,,,,,,,,,
SNo7lrUH_cs,22-May-10,,,,,,,,,,,,,,,,,,,,,,,,,,,,,,,,,,,,,,,,,,,,,,,,,,,,,,,,,,,,,,,,,,,,,,,,,,,,,,x,,,
sOpNlGE89P4,27-Nov-10,,,,,,x,x,x,,x,,,,,,,,,,,x,,,,x,x,,,,,,,,,,,,,,,,,,,,,,,,,x,,,,,X,,,,X,,,,,,,,,,,,,,,,,,,,,
SSn8YMA6S_c,4-Nov-10,,,,x,,,x,x,,,,x,,,,,,,x,,,,,,,,,,,x,,,,,,,,,,,,,,,,,,,,,,,,x,x,,,,,,x,,,,,,,,,,,,,,,,,,,,
syrLKidKm_0,14-Jan-10,,,,,,,,,,,,,,,,,,,,,,,,,,,,,,,,,,,,,,,,,,,,,,,,,,,,,,,,,,,,,,,,,,x,,,,,,,,,,,,,,,
t5Kqd3ISBk8,28-Dec-10,,,,,,,,,,,,,,,,,,,,,,,,,,,,,,,,,,,,,,,,,,,,,,,,,,,,,,,,,,,,,,,,,,x,,,,,,,,,,,,,,,
tA9UmDnjuIQ,11-Aug-10,,,,,,,,,,,,,,,,,,,,,,,,,,,,,,,,,,,,,,,,,,,,,,,,,,,,,,,,,,,,,,,,,,,,,,,,x,,,,,,,,,
tPTl4ZcPqCw,5-Dec-10,,,,,,,,,,,,,,,,,,,,,,,,,,,,,,,,,,,,,,,,,,,,,,,,,,,,,,,,,,,,,,,,,,,,,,,,x,,,,,,,,,
tRbBIi8rBH8,13-Sep-10,,,,,,,,,,,,,,,,x,,,,,,,,,,,,,,,,,,x,,,,,,,,,,,,,,,x,,,,,x,,,,,,x,,,,,,,,,,,,,,,,,,,,,
tWJgQQ4L0XE,12-Dec-10,,,,,,,,,,,,,,,x,,,,,x,,,,,,,x,,,,,,,,,,,,,,,,,,,,,,x,,,,,,,,,x,,,,,,,,,,,,,,,,,,,,,,,
txZsX1bSTdU,29-Apr-11,,,,,,,,,,,,,,,,,,,,,x,,x,,,,,x,,,,,,,,,,,,,,,,,,,,,,,,x,x,,,,,,,,,x,,,,,,,,,,,,,,,,,,,
U6zd3OJ8QMc,25-Feb-11,,,,,,,,,,,,,,,x,,x,,,,,,,,,,,,,,,,,x,,,,,,,,,,,,,,x,,,,,,,,,,,,,x,,,,,,,,,,,,,,,,,,,,
u7_45wv-I28,2-Jun-10,,,,,,,,,,,,,,,,,,,,,,,,,,,,,,,,,,,,,,,,,,,,,,,,,,,,,,,,,,,,,,,,,,,,,,,,,,,,,x,,,,
U8bLLCLfFOM,11-Sep-10,,,,x,,,,,,,,,,,x,,x,,x,,,,,,,,,x,,,,,,,,,,,,,,,,,,,,,x,,,,,,,,,x,,,,,,,,,,,,,,,,,,,,,,,
u8uzO1qvAcQ,26-Aug-10,,,,x,,,,,,,,,,,,,,,x,,,,,,,,,,x,,,,,,,,,,,,,,,,,,,x,,,,,,,,,,,,,x,,,,,,,,,,,,,,,,,,,,
ucDDXbxmj7I,27-Dec-10,,,,,,,,,,,,,,,,,,,,,,,,,,,,,,,,,,,,,,,,,,,,,,,,,,,,,,,,,,,,,,,,,,x,,,,,,,,,,,,,,,
uL5qdcRDb74,4-Jun-10,,,,,,,,,,,,,,,x,,,,,,,,x,,,,,x,,,,,,,,,,,,,,,,,,,,x,,x,,,x,,,,,,,,x,,,,,,,,,,,,,,,,,,,,
UMUPn8dxkKY,11-Apr-11,,,,,,,,,,,,,,,,,,,,,,,,,,,,,,,,,,,,,,,,,,,,,,,,,,,,,,,,,,,,,,,,,,x,,,,,,,,,,,,,,,
uy8pjy-XAHI,20-Apr-10,,,,,,,,,,,,,,,,,,,,,,,,,,,,,,,,,,,,,,,,,,,,,,,,,,,,,,,,,,,,,,,,,,,,,,,,,,x,,,,,,,
v73XTh4dtJM,13-Dec-10,,,,,,,,,,,,,,,,,,,,,,,,,,,,,,,,,,,,,,,,,,,,,,,,,,,,,,,,,,,,,,,,,,,,,,x,,,,,,,,,,,
vl6bowW_M6k,12-Feb-11,,,,,,,,,,,,,,,x,,,,,,,,,x,,,x,,,,,,,,,,,,,,,,,,,,x,,,,,,,,,,,,,x,,,,,,,,,,,,,,,,,,,,,
VO0iSKa_8cU,5-Apr-11,,,,,,,,,,,,,,,,,,,,,,,,,,,,,,,,,,,,,,,,,,,,,,,,,,,,,,,,,,,,,,,,,,,,,,,,,,,,,x,,,,
vqQlYTtKxEs,30-Sep-10,,,,,x,,,,x,,,,,,,,,,,,x,,,,,,,x,,,,,,,,,,,,,,,,,,,,x,,,,,,,,,,,,,x,,,,,,,,,,,,,,,,,,,,
vwxbiFqx3cc,6-May-11,,,,,,,,,,,,,,,,,,,,,,,,,,,,,,,,,,,,,,,,,,,,,,,,,,,,,,,,,,,,,,,,,,,,,,,,,,,,,,,x,,
VYoc7R8S1Io,21-Jun-09,,,,,,,,,,,,,,,,,,,,,,,,,,,,,,,,,,,,,,,,,,,,,,,,,,,,,,,,,,,,,,,,,,,,,,,,,,x,,,,,,,
vZHwjIWnKc8,2-Jun-10,,,,,,,,,,,,,,,,,,,,,,,,,,,,,,,,,,,,,,,,,,,,,,,,,,,,,,,,,,,,,,,,,,,,,x,,,,,,,,,,,,
w0TPQwc3RT4,4-Jan-11,,,,,,,,,,,,,,x,,x,,,,,,,,,,,,x,,,,,,,,,,,,,,,,,,,,,,,,x,,,,,,,,,x,,,,,,,,,,,,,,,,,,,,
w1Yhya0l_Qg,11-Mar-11,,,,,,x,,x,,,,,,,,,,,,,x,,,,,,x,,,,,,,,,,,,,,,,,,,,,,,,x,,,,,,,,,,x,,,,,,,,,,,,,,,,,,,,
w4OGs-eEJoY,11-Apr-10,,,,,,,,,,,,,,,,,,,,,,,,,,,,,,,,,,,,,,,,,,,,,,,,,,,,,,,,,,,,,,,,,,,,,x,,,,,,,,,,,,
w8Wp3qmQFfA,22-Sep-10,,,,,,,,,,,,,,,x,x,,,,,,,,,,,,x,,,,,,,,,,,,,,,,,,,,,,,,,x,,,,,x,,,,,,,,,,,,,,,,,,,,,,,
Walh9bo1XNU,12-May-10,,,,,,,,,,,,,,,x,,,,,,x,,,,,,,x,,,,,,,,,,,,,,,,,,,,x,x,,,,,,,,,,,,x,,,,,,,,,,,,,,,,x,,,,
wMG7ec1IhIc,7-Oct-10,,,x,,,,,,,,,,,,,,,,,,,x,,,x,,,,,,,,,,,,,,,,,,,,,,,,,,,,,,,x,,,x,,,,,,,,,,,,,,,,,,,,,,
X0cZ5kNlick,3-Dec-10,,,,,x,,,,,,,,,,x,,,,,,x,,,,x,,,x,,,,,,,,,,,,,,,,,,x,,,,,,,,,,,,,,,x,,,,,,,,,,,,,,,,,,,,
x4uAvLBpV5o,19-Mar-11,,,,x,,,,,,,,,,,,,,,,,x,,,,x,,,x,,,,,,,,,,,,,,,,,,,,,,x,,,x,,,,,,,,,x,,,,,,,,,,,,,,,,,,,
X8TCrxk-MvY,8-May-10,,x,,x,,,,,,,,,,,,,,,,x,,,,,,,,,x,,,,,,,,,,,,,,,,,,,,,x,,x,,,,,x,x,,,,,,,,,,,,,,,,,,,,,,,
xHOSv4pgeFw,18-Jul-09,,,,,,,,,,,,,,,,,,,,,,,,,,,,,,,,,,,,,,,,,,,,,,,,,,,,,,,,,,,,,,,,,,,,,,,,,,,x,,,,,,
XwjCh5nxPAE,2-Feb-10,,,,,,,,,,,,,,,,,,,,,,,,,,,,,,,,,,,,,,,,,,,,,,,,,,,,,,,,,,,,,,,,,,,,,,,,,,,,,,,,,
XXJKNuUsAuY,17-Sep-10,,,,,,,,,,,,,,,,,,,,,,,,,,,,,,,,,,,,,,,,,,,,,,,,,,,,,,,,,,,,,,,,,,,,,,,,,,,,,,,,x,
yahnULdXFso,8-Jan-11,,,,,,,,,,,,,,,x,,,,,,,,,x,,,,x,,,,,,,,,,,,,,,,,,,,,,,,,x,x,,,x,,,,,,,,,,,,,,,,,,,,,,,,
YaPn6D4aJcU,29-Nov-10,,,,x,x,,,,,,,,,,,,,,,,x,,,,,,,x,,,,,,x,,,,,,,,,,,,,,,,,,,x,,,,,,,,x,,,,,,,,,,,,,,,,,,,,
YlBv6gDob-Y,13-Oct-10,,,,,,,,,,,,,,,,,,,,,,,,,,,,,,,,,,,,,,,,,,,,,,,,,,,,,,,,,,,,,,,,,,x,,,,,,,,,,,,,,,
YVtRaY08tw4,14-Jan-11,,,,,,,,,,,,,,,,,,,,,,,,,,,,,,,,,,,,,,,,,,,,,,,,,,,,,,,,,,,,,,,,,,,,,,,,,,,,,,,x,,
yZC2xfYnego,1-Nov-10,,,,x,,,,,,,,,,,x,,,,,,x,,,,,,,,x,,,,x,,,,,,,,,,,,,,,,,,,,X,,,,,X,,,,,,,,,,,,,,,,,,,,,,,
z9C5tRuqWFc,11-Jan-11,,,,,x,x,,x,,,,,,,,,,,,,x,,,,x,x,,,,,,,,,,,,,,,,,,,,,,,,,x,,,,,,,,,,,x,,,,,,,,,,,,,,,,,,,
ZcaaTmk_g9Y,17-Feb-11,,,,,x,,,,,,,,,,,,,,,x,,,,,,,,x,,,,,,,,,,,,,,,,,,,,x,,,,x,,,,,,,,,x,,,,,,,,,,,,,,,,,,,,
zCWIu3AnyPE,5-Nov-10,,,,,,,,,,,,,,,,,,,,,,,,,,,,,,,,,,,,,,,,,,,,,,,,,,,,,,,,,,,,,,,,,,,,,,,,,,,,,,,x,,
zRh4wqj8nW4,11-Dec-09,,,,,,,,,,,,,,,,,,,,,,,,,,,,,,,,,,,,,,,,,,,,,,,,,,,,,,,,,,,,,,,,,,,,,,,,,,,,,,x,,,
ZYHCNi88OIg,11-Apr-10,,,,,,,,,,,,,,,,,,,,,,,,,,,,,,,,,,,,,,,,,,,,,,,,,,,,,,,,,,,,,,,,,,,,,,,,x,,,,,,,,,
